31,"Masters in game design",USC,"Game Development","Game developer","ML, AI","Endless Runner Game, AI voise assistant","Unity mastery","Advanced high power computers","Research rigorously on unity","**Statement of Purpose**

To the Admissions Committee, Master of Science in Game Design, University of Southern California:

It is with a profound sense of purpose and a fervent desire to contribute meaningfully to the ever-evolving landscape of interactive entertainment that I submit this Statement of Purpose for the Master of Science in Game Design program at the University of Southern California. My fascination with the immersive storytelling, intricate mechanics, and collaborative artistry that define video games has been a constant throughout my life, culminating in a strong aspiration to become a skilled and innovative game developer. USC, with its renowned faculty, cutting-edge resources, and vibrant creative community, represents the ideal environment for me to hone my skills, expand my knowledge, and ultimately realize my career aspirations.

My initial encounter with the power of interactive entertainment occurred during my formative years. The ability of video games to transport players to other worlds, challenge their intellect, and foster a sense of camaraderie captivated me. This early exposure ignited a passion that has only intensified over time, propelling me to explore the technical and artistic facets of game development with unwavering dedication. I believe that games possess a unique capacity to educate, inspire, and connect individuals across geographical and cultural boundaries, and I am driven by a deep-seated desire to be a part of this powerful medium.

My undergraduate studies provided a solid foundation in the principles of computer science and artificial intelligence, disciplines that are increasingly vital to the creation of sophisticated and engaging games. My curriculum included rigorous coursework in machine learning (ML) and artificial intelligence (AI), which equipped me with a strong understanding of algorithmic problem-solving, data analysis, and the development of intelligent systems. I excelled in these courses, consistently demonstrating a keen aptitude for complex concepts and a commitment to producing high-quality work. Specifically, my coursework in *[Insert specific course names, e.g., ""Artificial Intelligence,"" ""Machine Learning for Data Science,"" ""Data Structures and Algorithms""]* provided me with a comprehensive understanding of [Mention key concepts learned, e.g., ""neural networks,"" ""supervised learning algorithms,"" ""optimization techniques""]. The theoretical knowledge gained in these courses has been invaluable in shaping my analytical approach to game development, enabling me to think critically about the design and implementation of intelligent game mechanics. My academic performance in these areas, as reflected in my transcript, demonstrates my capacity for rigorous study and my unwavering commitment to academic excellence.

Beyond the theoretical aspects of my studies, I actively sought opportunities to apply my knowledge to practical projects. One particularly formative project involved the development of an “Endless Runner Game.” This endeavor allowed me to apply my understanding of game physics, procedural generation, and user interface design. I was responsible for [Describe your specific contributions, e.g., ""designing the level generation algorithm,"" ""implementing the player movement and collision detection systems,"" ""creating the user interface and game mechanics""]. This project not only solidified my understanding of game development principles but also instilled in me the importance of iterative design and the ability to work effectively within a team. The challenges encountered during this project, such as optimizing performance for mobile devices and refining the game’s responsiveness, further fueled my desire to delve deeper into the technical aspects of game development.

Furthermore, I gained valuable experience through my internship, where I worked on an AI voice assistant project. This experience provided me with a practical understanding of natural language processing, speech recognition, and the integration of AI into user interfaces. My responsibilities included [Describe your specific contributions, e.g., ""training and evaluating machine learning models for speech recognition,"" ""designing the dialogue flow for the voice assistant,"" ""testing and debugging the software""]. This internship exposed me to the collaborative nature of software development and the importance of effective communication within a team. It also reinforced my belief in the potential of AI to enhance the player experience in video games, creating more immersive and interactive worlds.

While my academic background and practical experience have provided me with a strong foundation, I recognize that I possess certain areas for improvement, particularly in the realm of game engine mastery. While I have a working knowledge of game development principles, my experience with the Unity game engine, a dominant force in the industry, is still developing. This is precisely where the USC Master of Science in Game Design program presents an unparalleled opportunity. The program's curriculum, with its emphasis on hands-on projects, advanced techniques, and access to state-of-the-art resources, including high-powered computing systems, aligns perfectly with my aspirations. The opportunity to learn from renowned faculty, who are at the forefront of game development innovation, and to collaborate with fellow students from diverse backgrounds, will undoubtedly accelerate my learning and allow me to refine my skills to an expert level.

My long-term career goal is to become a successful and innovative game developer, contributing to the creation of compelling and engaging interactive experiences. I envision myself working on a team that pushes the boundaries of game design, exploring new genres, and utilizing cutting-edge technologies to create games that resonate with players on an emotional and intellectual level. The rigorous training and practical experience provided by the USC program will be instrumental in achieving this goal. The program’s focus on advanced topics such as [Mention specific courses or specializations offered by USC that align with your interests, e.g., ""AI for Games,"" ""Procedural Content Generation,"" ""Virtual Reality Game Development""] will enable me to specialize in areas that particularly interest me.

Furthermore, I am particularly drawn to the prospect of contributing to the field through rigorous research within the Unity environment. I intend to leverage the advanced computing resources available at USC to explore and experiment with novel techniques and methods within the Unity engine. My ambition is to contribute to the body of knowledge surrounding Unity development, creating accessible resources and sharing my discoveries with the wider game development community. I believe that by contributing to the refinement of Unity development techniques, I can help to empower other developers and contribute to the advancement of the entire industry.

In conclusion, my academic background, practical experience, and unwavering passion for game development have prepared me for the challenges and opportunities presented by the USC Master of Science in Game Design program. I am confident that the program's rigorous curriculum, access to cutting-edge resources, and vibrant creative community will provide me with the necessary tools and environment to achieve my career aspirations. I am eager to learn from the distinguished faculty, collaborate with my peers, and contribute to the advancement of the field. I am particularly excited about the opportunity to master the Unity engine and conduct research that will benefit the wider game development community. I am convinced that the USC program is the ideal platform for me to transform my passion into a fulfilling and impactful career, and I am confident that I can make a significant contribution to the world of interactive entertainment. I am, therefore, submitting my application with the utmost enthusiasm and anticipation.
",bipin,5171488efc1d8a4f2f07edc493851cbeb6adf7238e8e46964f04c8216116de87,bipin@gmail.com,"Bipin Kotian","Bipin Kotian",Professor,"AI, Game Design",Great,"Research papers published","[Your Name]
[Your Title]
[Your Department]
[University Name]
[Your Email]
[Your Phone Number]
[Date]

Admissions Committee
[Graduate Program Name]
[University Name]
[Address of Graduate Program]

**Subject: Letter of Recommendation for Bipin Kotian**

Dear Admissions Committee,

It is with great pleasure that I recommend Bipin Kotian for admission to your esteemed graduate program in [Specific Field of Study, if known, otherwise leave it general]. I have had the privilege of knowing Bipin as his professor in Artificial Intelligence (AI) and Game Design courses at [University Name] for the past [Number] years. During this time, I have been consistently impressed by his intellectual curiosity, dedication, and exceptional academic performance.

Bipin consistently demonstrated a strong grasp of the complex concepts presented in my courses. He possesses a keen ability to analyze intricate problems, develop innovative solutions, and articulate his understanding with clarity and precision. His performance in both AI and Game Design was consistently excellent, exceeding expectations in his coursework and demonstrating a genuine passion for the subject matter. He consistently ranked among the top students in both subjects.

Beyond his strong academic record, Bipin distinguished himself through his commitment to research and his proactive engagement in challenging projects. He was actively involved in [Specific details of the research project, e.g., ""a research project focusing on the application of AI in procedural content generation for video games""]. His contribution to this project was significant, resulting in the publication of [Number] research papers, including [Mention the names of the papers, if possible, or the conferences/journals where they were published]. This accomplishment is particularly noteworthy for an undergraduate student, showcasing his dedication to research and his ability to contribute meaningfully to the field.

Furthermore, Bipin possesses several personal qualities that I believe will contribute significantly to his success in graduate studies. He is highly motivated, possesses a strong work ethic, and demonstrates excellent problem-solving skills. He is also a collaborative and supportive team member, capable of effectively communicating his ideas and working constructively with others. He is not afraid to ask insightful questions and actively seeks out opportunities to expand his knowledge. His intellectual curiosity and eagerness to learn are truly remarkable.

I am confident that Bipin has the intellectual capacity, the research experience, and the personal qualities necessary to excel in your graduate program. He possesses the potential to become a leading researcher and contributor to the field of [Mention the specific field of study again, if known]. I wholeheartedly recommend him without reservation.

Please do not hesitate to contact me if you require any further information.

Sincerely,
[Your Name]
[Your Title]
[Your Department]
[University Name]
",318,87,3,3.5,8.0,0
32,"Master's in Management Information System","UT Austin",MIS,"MIS expert","ML, AI, SMA","NLP Chatbot, ML movie success prediction","MIS mastery","Advanced facilities","rigorous wrok in MIS","**Statement of Purpose**

To the Admissions Committee,

I am writing to express my profound interest in the Master of Science in Management Information Systems (MIS) program at The University of Texas at Austin. My fervent desire to contribute to the rapidly evolving landscape of information technology, coupled with my academic foundation and practical experiences, has led me to believe that this program provides the ideal platform for me to cultivate the expertise and skills necessary to excel as an MIS professional. The opportunity to learn from distinguished faculty, utilize advanced facilities, and engage with a vibrant community of scholars at UT Austin represents a pivotal step towards achieving my long-term career aspirations.

My fascination with the intersection of technology and business began during my undergraduate studies in [Your Undergraduate Degree] at [Your Undergraduate University]. The curriculum, which included a robust foundation in computer science principles, ignited my passion for leveraging data and technology to solve complex organizational challenges. Specifically, coursework in Machine Learning (ML), Artificial Intelligence (AI), and Social Media Analytics (SMA) provided me with a solid understanding of cutting-edge technologies and their potential to transform business processes. These subjects not only broadened my theoretical understanding but also provided me with the analytical and problem-solving skills that are fundamental to success in the field of MIS. My performance in these courses was consistently strong, as reflected in my [mention GPA or relevant scores, e.g., ""high GPA"" or ""excellent grades in relevant coursework""], demonstrating my aptitude and dedication to mastering these concepts.

Beyond the theoretical aspects of my academic training, I actively sought opportunities to apply my knowledge in practical settings. During my internship at [Name of Company/Organization], I was involved in the development of a Natural Language Processing (NLP) chatbot. This project provided invaluable hands-on experience in the design, implementation, and deployment of a practical AI application. I was responsible for [briefly describe your responsibilities and contributions, e.g., ""training the NLP model, optimizing its performance, and integrating it with the company's existing customer service platform""]. This experience not only honed my technical skills but also exposed me to the complexities of managing a real-world technology project, including requirements gathering, stakeholder communication, and iterative development. The successful deployment of the chatbot, which resulted in [mention a quantifiable outcome, e.g., ""a 15% reduction in customer service response times""], reinforced my belief in the transformative power of technology and fueled my desire to further explore its applications in the business world.

Furthermore, I undertook a personal project focused on predicting movie success using machine learning techniques. This project involved collecting and analyzing a large dataset of movie attributes, including budget, genre, cast, and reviews, to build a predictive model that could estimate a movie's box office performance. This project allowed me to deepen my understanding of the entire data science pipeline, from data cleaning and feature engineering to model selection and evaluation. I experimented with various algorithms, including [mention specific algorithms used, e.g., ""linear regression, decision trees, and random forests""], and ultimately developed a model that achieved [mention a quantifiable result, e.g., ""a high degree of accuracy in predicting movie revenue""]. This experience not only solidified my technical proficiency but also demonstrated my ability to independently identify a problem, design a solution, and deliver tangible results.

While my academic background and practical experiences have provided me with a strong foundation in technology and data analysis, I recognize that I still lack the comprehensive understanding of MIS principles and practices necessary to achieve my long-term career goals. The Master of Science in MIS program at UT Austin, with its rigorous curriculum and emphasis on real-world applications, is the perfect program to bridge this gap. I am particularly drawn to the program’s focus on [mention specific courses or areas of focus that appeal to you, e.g., ""data governance, business intelligence, and cybersecurity""]. The opportunity to learn from renowned faculty, such as [mention specific professors and their areas of expertise, if you know them], and to collaborate with fellow students from diverse backgrounds will undoubtedly broaden my perspectives and enhance my problem-solving abilities.

My ultimate career aspiration is to become a leading MIS expert, capable of designing, implementing, and managing innovative technology solutions that drive business value. I envision myself contributing to the development of [mention a specific area or industry you are interested in, e.g., ""data-driven decision-making strategies for the healthcare industry"" or ""cybersecurity solutions for financial institutions""]. I am confident that the UT Austin MIS program will provide me with the necessary skills and knowledge to achieve this goal. The program’s emphasis on practical applications, coupled with its access to advanced facilities, will enable me to develop a deep understanding of the latest technologies and their applications in the business world. I am particularly excited about the prospect of utilizing the program’s resources to conduct rigorous research in MIS, contributing to the advancement of the field and developing innovative solutions to real-world challenges. I am also eager to leverage the program's strong industry connections to gain valuable insights and build a strong professional network.

In conclusion, I am convinced that the Master of Science in Management Information Systems program at The University of Texas at Austin is the ideal program for me to achieve my career aspirations. My passion for technology, my academic foundation, and my practical experiences have prepared me for the challenges and opportunities that this program presents. I am eager to immerse myself in the program’s rigorous curriculum, collaborate with my peers, and learn from the esteemed faculty. I am confident that I can make significant contributions to the field of MIS and become a successful leader in this dynamic and ever-evolving industry. I am particularly enthusiastic about the prospect of contributing to UT Austin's reputation for excellence in MIS research and education. I am prepared to dedicate myself fully to the program and to make the most of this invaluable opportunity. Thank you for considering my application.
",ammar,b81422551c0268f7e186bd0cb5d2423c5bc22b1dd1f1d4deefc7d407c7318077,ammar@gmail.com,"Ammar Dadani","Ammar Dadani",Teacher,"AI, ML, SMA","Top 10 percent","Admission Pulse, Computer Shop Management","[Your Name]
[Your Title]
[Your Department]
[Your University/Institution]
[Your Email]
[Your Phone Number]
[Date]

Admissions Committee
[Name of Graduate Program]
[Name of University]
[Address of University]

**Subject: Letter of Recommendation for Ammar Dadani**

Dear Admissions Committee,

It is with great pleasure and without reservation that I recommend Ammar Dadani for admission to your esteemed graduate program in [Mention the Specific Field of Study if Known, e.g., Artificial Intelligence, Computer Science]. I have had the privilege of knowing Ammar as his teacher in several advanced courses at [Your University/Institution] for the past [Number] years. Specifically, I taught him Artificial Intelligence (AI), Machine Learning (ML), and Smart Manufacturing and Automation (SMA).

During his time in my classes, Ammar consistently demonstrated a strong intellectual curiosity, a remarkable aptitude for complex concepts, and a proactive approach to learning. He consistently ranked within the top 10 percent of his class, a testament to his dedication and natural talent. He possesses a keen ability to grasp difficult theoretical frameworks and apply them effectively to practical problem-solving.

Beyond his exceptional academic performance, Ammar's contributions to class discussions were consistently insightful and thought-provoking. He is not only a quick learner but also possesses a genuine passion for the field, constantly seeking to delve deeper into the intricacies of AI and its applications. He is a collaborative and supportive classmate, always willing to assist his peers and contribute to a positive learning environment.

I was particularly impressed by Ammar's performance in his projects. In the project ""Admission Pulse,"" he demonstrated his ability to [Describe the project and highlight his specific contributions and skills, e.g., design and implement a sophisticated machine learning model to predict student admission probabilities based on complex datasets, demonstrating proficiency in feature engineering and model selection]. This project showcased his strong analytical skills, his understanding of data-driven decision-making, and his ability to translate theoretical knowledge into practical solutions. Furthermore, his work on the ""Computer Shop Management"" project revealed his understanding of [Describe the project and highlight his specific contributions and skills, e.g., systems design and database management, as he developed a comprehensive system to streamline operations and improve efficiency]. This project highlighted his ability to apply his knowledge to solve real-world problems and his strong project management skills.

Ammar's intellectual curiosity, coupled with his strong work ethic and problem-solving abilities, makes him an ideal candidate for graduate studies. I am confident that he has the potential to make significant contributions to the field of [Mention the specific field of study again] and beyond. He possesses the necessary skills, drive, and dedication to excel in your rigorous graduate program.

I highly recommend Ammar Dadani without reservation. Please do not hesitate to contact me if you require any further information.

Sincerely,

[Your Name]
[Your Title]
[Your Department]
[Your University/Institution]
",307,100,3,3.6,8.0,0
33,"Master's in Computer Science",UCLA,AI,"Ai Engineer","AI, ML, ADS, Blockchain","Admission Pulse, JAVA -  Ai voice assistant","AI analysis","AI labs","Extensive AI research","**Statement of Purpose**

To the Admissions Committee, Department of Computer Science, University of California, Los Angeles:

It is with profound enthusiasm that I submit this Statement of Purpose in application for admission to the Master of Science program in Computer Science at the University of California, Los Angeles. My unwavering fascination with the transformative potential of Artificial Intelligence (AI), coupled with a robust academic foundation and practical experience, has solidified my conviction that pursuing advanced studies at UCLA, particularly within its renowned AI research environment, is the optimal next step in my academic and professional journey. The opportunity to contribute to the burgeoning field of AI, specifically as an AI Engineer, fuels my ambition and serves as the guiding star for my aspirations.

My initial foray into the captivating world of computer science began during my undergraduate studies, where I quickly gravitated towards the intricacies of algorithmic design and the elegance of data structures. This initial spark ignited a passion that has continued to burn brightly, guiding my academic pursuits and shaping my career aspirations. My undergraduate curriculum provided a comprehensive grounding in the core principles of computer science, encompassing subjects such as data structures and algorithms, database management systems, operating systems, and software engineering. My performance in these foundational courses was consistently strong, demonstrating a solid grasp of fundamental concepts and an aptitude for problem-solving. I consistently sought to excel in these areas, recognizing their importance as building blocks for more specialized domains.

As my understanding deepened, I became particularly drawn to the emergent field of AI. The prospect of creating intelligent systems capable of learning, reasoning, and adapting captivated my imagination. This fascination led me to delve deeper into specialized coursework focused on AI and its related subfields. Specifically, I undertook rigorous studies in Artificial Intelligence, Machine Learning (ML), Advanced Data Structures (ADS), and Blockchain technology. These courses provided me with a comprehensive understanding of the theoretical underpinnings of AI, including probabilistic reasoning, machine learning algorithms, and deep learning architectures. I was particularly drawn to the application of these concepts in practical scenarios, which further fueled my desire to contribute to the field. My academic performance in these specialized courses was exceptional, reflecting my genuine interest and dedication to mastering the complexities of AI. I consistently sought out opportunities to expand my knowledge beyond the prescribed curriculum, engaging in independent research and exploring the latest advancements in the field.

Beyond the classroom, I actively sought opportunities to apply my theoretical knowledge to real-world projects and gain practical experience. One particularly significant project was my involvement with ""Admission Pulse,"" a platform designed to streamline the university admission process. This project allowed me to apply my understanding of data structures, algorithms, and database management systems to develop a user-friendly and efficient application. I was responsible for designing and implementing key features, including data analysis, user authentication, and data visualization. This experience not only honed my technical skills but also provided valuable insights into the software development lifecycle and the importance of teamwork. Furthermore, I developed a Java-based AI voice assistant. This project involved the implementation of natural language processing (NLP) techniques, speech recognition, and speech synthesis. I was responsible for designing the conversational flow, training the NLP models, and integrating the voice assistant with various software applications. This experience provided me with invaluable hands-on experience in AI, allowing me to apply theoretical concepts to a practical problem.

While my academic and practical experiences have provided me with a strong foundation in AI, I recognize the need to further develop my skills, particularly in the area of AI analysis. The ability to critically evaluate AI models, understand their limitations, and interpret their outputs is crucial for developing and deploying AI solutions responsibly. I am confident that the rigorous curriculum and cutting-edge research opportunities at UCLA will provide me with the necessary tools and expertise to address this identified gap. The prospect of working alongside renowned faculty members, participating in groundbreaking research, and contributing to the advancement of AI is exceptionally exciting.

The Master of Science program in Computer Science at UCLA is particularly appealing due to its emphasis on AI research and its state-of-the-art facilities. The program's dedicated AI labs, equipped with the latest hardware and software, will provide me with an unparalleled opportunity to conduct cutting-edge research and develop innovative AI solutions. I am particularly interested in contributing to research focusing on [mention specific areas of interest within AI, e.g., deep learning for natural language processing, reinforcement learning for robotics, or computer vision]. I believe that the program's focus on practical application, combined with its rigorous academic curriculum, will provide me with the skills and knowledge necessary to become a highly effective AI Engineer.

My long-term career goal is to become a leading AI Engineer, specializing in the development and deployment of AI-powered solutions that address complex real-world challenges. I envision myself working on projects that leverage AI to improve healthcare, enhance education, and create a more sustainable future. I aspire to contribute to the development of ethical and responsible AI systems that benefit society as a whole. I am confident that the Master of Science program at UCLA will provide me with the necessary foundation to achieve this ambitious goal. The program's emphasis on practical application, combined with its rigorous academic curriculum, will provide me with the skills and knowledge necessary to become a highly effective AI Engineer. Furthermore, the opportunity to network with leading researchers and industry professionals at UCLA will be invaluable in shaping my career path.

I am confident that my academic background, practical experience, and unwavering passion for AI make me a strong candidate for the Master of Science program in Computer Science at UCLA. I am eager to immerse myself in the program's rigorous curriculum, contribute to its vibrant research community, and collaborate with fellow students and faculty members. I am particularly enthusiastic about the prospect of contributing to the field of AI research. My commitment to lifelong learning, coupled with my dedication to innovation, will enable me to make significant contributions to the field. I am eager to contribute to UCLA's legacy of excellence in computer science and AI research, and I am confident that I can make a meaningful impact on the world. I am prepared to dedicate myself fully to my studies and to contribute to the intellectual vibrancy of the UCLA community. Thank you for considering my application. I am sincerely looking forward to the opportunity to join the UCLA community and contribute to the future of AI.
",jashan,e150f891dd42ad12bf8622f030bf2589fdbc6d26a0c67593729b6981bedca9e0,jashan@gmail.com,"Jashan Shetty","Jashan Shetty","Teacher and Project Guide","Software Engineering, Major Project","Top 10 percent in class","AdmissionPulse, JAVAI - AI voice assistant","[Your Name]
[Your Title]
[Your Department]
[University/Institution Name]
[Your Email]
[Your Phone Number]
[Date]

Admissions Committee
[Department of Graduate Studies Name]
[University Name]
[University Address]

**Subject: Letter of Recommendation for Jashan Shetty**

Dear Admissions Committee,

It is with great pleasure that I recommend Jashan Shetty for admission to your graduate program in [Specify the Program, e.g., Computer Science, Software Engineering]. I have had the privilege of knowing Jashan as his teacher and project guide in the Department of [Department Name] at [University/Institution Name] for the past [Number] years. During this time, I have taught him Software Engineering and mentored him through his Major Project.

Throughout his academic career, Jashan has consistently demonstrated exceptional aptitude and a genuine passion for the field of software development. His academic performance places him within the top 10 percent of his class, a testament to his dedication, intelligence, and unwavering commitment to excellence. He consistently sought to understand complex concepts, often exceeding the expectations of the curriculum. His insightful questions and active participation in class discussions further highlighted his eagerness to learn and contribute.

Beyond his strong academic foundation, Jashan possesses a remarkable ability to apply theoretical knowledge to practical challenges. He consistently sought opportunities to expand his skillset and tackle complex problems. His ability to analyze problems critically, develop innovative solutions, and execute them with precision is truly commendable.

Specifically, I had the opportunity to guide Jashan through two significant projects that further showcase his abilities. The first, ""AdmissionPulse,"" demonstrated his proficiency in [Mention specific technologies/skills used, e.g., data analysis, web development, and database management] and his understanding of [Mention the project's purpose and impact]. He demonstrated a strong understanding of the entire software development lifecycle, from requirements gathering to testing and deployment.

His second project, ""JAVAI - AI voice assistant,"" was particularly impressive. This project, utilizing [Mention specific technologies/skills used, e.g., Natural Language Processing, Machine Learning, and API integration], showcased his ability to conceptualize and build a sophisticated application. His meticulous approach to coding, combined with his dedication to user experience, resulted in a highly functional and user-friendly application. This project demonstrated his forward-thinking approach and willingness to embrace cutting-edge technologies.

Jashan's personal qualities further enhance his potential for success in graduate studies. He is a highly motivated, independent, and resourceful individual. He possesses excellent communication and collaboration skills, working effectively both independently and as part of a team. He is also a proactive problem-solver, always willing to go the extra mile to overcome challenges. His intellectual curiosity and thirst for knowledge are truly inspiring.

I am confident that Jashan Shetty possesses the intellectual capacity, the dedication, and the personal qualities necessary to excel in your graduate program. He is a highly promising student with a bright future ahead of him. I wholeheartedly recommend him without reservation and believe he will make significant contributions to your program and the field of [Specify the field of study].

Please do not hesitate to contact me if you require any further information.

Sincerely,
[Your Name]
[Your Title]
",322,104,4,4.0,9.2,1
