sop_text,rating
"I have always been passionate about Computer Science, starting from my first coding experience in high school. Over the years, I have worked on several projects, including a deep learning-based image recognition system and an NLP chatbot. My goal is to specialize in Artificial Intelligence and contribute to developing autonomous systems that can make human lives easier. I have published research papers and completed multiple internships in AI. The Master's program at XYZ University aligns perfectly with my research interests, providing courses and faculty expertise that will help me grow academically and professionally.",5
"My passion for data science stems from my curiosity about patterns hidden in data. Throughout my undergraduate years, I have actively worked on various machine learning projects, such as stock market prediction and customer segmentation models. I have presented my findings at national conferences and have interned at a top data analytics firm. I aim to deepen my knowledge in big data and AI while contributing to research at your esteemed institution.",5
"I have worked on NLP-based chatbots and recommendation systems, applying deep learning techniques to solve real-world problems. My research in sentiment analysis has been published in IEEE conferences, and I aim to explore multimodal AI at your institution. I have also interned at a top AI startup, where I implemented a neural network-based summarization model.",5
"My background in Computer Vision and Machine Learning has prepared me to explore the field of AI. I have worked on image segmentation, object detection, and reinforcement learning projects, and I want to contribute to AI research in medical diagnostics. The coursework and faculty expertise at your institution make it a perfect choice for my graduate studies.",5
"My interest in Cybersecurity grew when I participated in ethical hacking competitions. I have completed research on network penetration testing and worked on real-time vulnerability assessment projects. I want to develop innovative security protocols and contribute to research on adversarial attacks in machine learning.",5
"I am interested in Blockchain and Cryptography. I have built decentralized applications and smart contracts using Solidity. My final-year project focused on a blockchain-based voting system, and I want to further explore scalable blockchain architectures.",5
"This SOP is well-structured but lacks a strong personal motivation for choosing this field. While the applicant discusses their experience in software development and their undergraduate coursework in Machine Learning, the personal drive to pursue an MS degree is not emphasized enough. The content is relevant but could be more engaging.",4
"The SOP provides technical details but lacks a clear direction. The applicant lists various achievements but does not connect them to their motivation for graduate studies. The structure is decent but could be more compelling.",4
"The applicant expresses interest in mechanical engineering but fails to provide concrete examples of projects, internships, or research. While the SOP has a general structure, it lacks depth and specifics about the applicant’s background and achievements. The motivation for pursuing graduate studies is not convincing.",2
"This SOP is poorly structured, with grammatical errors and no clear flow. The applicant mentions an interest in Artificial Intelligence but does not provide any supporting evidence of prior work, internships, or relevant experience. There is no mention of why they chose this particular university. The lack of clarity makes it difficult to assess the applicant’s readiness for graduate studies.",1
"The SOP is vague and does not demonstrate why the applicant is a good fit for the program. There is little mention of past experiences, research, or coursework. The writing style is informal and lacks coherence.",1
"I am interested in studying Software Engineering. I have completed some basic programming courses and have worked on a few small web applications. However, I have limited exposure to industry-level projects and research. My motivation for choosing this program is mainly to improve my technical skills and job prospects.",3
"I have always been fascinated by how technology shapes human interactions. My research interest lies in Human-Computer Interaction (HCI), and I have conducted studies on user behavior patterns in mobile applications. I have published research papers on HCI, and my work has been cited in multiple journals. The faculty and research labs at your university provide the ideal environment for me to further my studies and make meaningful contributions in this field.",5
"The SOP is disorganized and contains several grammatical mistakes. The applicant needs to improve sentence structure and readability.",1
"The SOP is lengthy but lacks focus. The applicant discusses various topics without connecting them into a single coherent narrative.",3
"The applicant has strong academic credentials but does not explain why they are interested in this particular university or program.",4
"This SOP is an excellent example of a well-balanced application. It contains both technical depth and personal motivation.",5
"The SOP is well-written but lacks specificity in terms of research goals. The applicant should provide more concrete details about their research interests.",4
"The SOP is too generic and does not highlight any unique skills or experiences. It fails to stand out from other applicants.",2
"The applicant has provided a well-balanced SOP with strong technical skills and a clear research vision. They have also demonstrated how their past experience aligns with their future goals.",5
"The SOP discusses cloud computing but lacks sufficient details about past projects. The applicant should elaborate on how their experiences have prepared them for graduate-level research.",3
"The SOP provides a list of programming languages and tools the applicant has used but does not explain any projects or research. The statement reads like a resume rather than a personal narrative.",2
"The applicant describes their passion for AI but does not include any specific projects, research, or industry experience. The SOP needs more technical depth.",3
"The SOP is focused on entrepreneurship and innovation, but the applicant does not clearly connect their business experience with their technical background. The motivation for graduate studies is weak.",2
"This SOP includes a strong background in mathematics and statistics, making the applicant a good fit for data science. However, the structure could be improved by emphasizing a clear research direction.",4
"This SOP demonstrates a strong command of Natural Language Processing and Reinforcement Learning. The applicant has participated in Kaggle competitions and published research papers in top AI conferences.",5
"The applicant has worked on automation and robotics projects, but the SOP lacks clarity in defining specific research goals. The statement could benefit from a more structured approach.",3
"This SOP contains a good mix of technical and non-technical aspects, showing a well-rounded applicant. The personal experiences are engaging, and the motivation for graduate studies is clear.",5
"The SOP is strong in terms of technical details but is weak in personal motivation. While the candidate demonstrates expertise in their field, they do not make a strong case for why they need a graduate degree.",4
"This SOP is well-organized and compelling. The applicant has a clear passion for their field, demonstrated through past projects, research, and well-defined future goals.",5
"I have completed several courses in computer science including algorithms and data structures. My final year project was a web-based inventory system using PHP and MySQL. While I lack research experience, I'm eager to learn more about distributed systems through this program. I believe the courses offered will help me become a better software engineer.",3
"My interest in AI began during an online course. I've implemented basic ML models using scikit-learn and participated in a Kaggle competition. I want to deepen my understanding of neural networks and contribute to healthcare AI projects. The university's focus on applied research aligns well with my goals.",4
"I have a strong background in mathematics and statistics, which has fueled my interest in data science. I have worked on projects involving predictive modeling and data visualization, and I am eager to apply these skills to real-world problems. The program at your university offers the perfect blend of theoretical and practical knowledge to help me achieve my goals.",5
"The SOP is well-structured and demonstrates a clear understanding of the field. However, it lacks specific examples of how the applicant's background aligns with the program's offerings. More details about past projects and research would strengthen the statement.",4
"I am passionate about renewable energy and have worked on several projects related to solar power and energy storage. My goal is to contribute to the development of sustainable energy solutions. The program at your university offers the resources and expertise I need to achieve this goal.",5
"The SOP is poorly written and lacks focus. The applicant does not provide any concrete examples of their achievements or how they plan to contribute to the field. The statement needs significant improvement.",1
"I have a strong interest in robotics and have worked on several projects involving autonomous systems. My goal is to develop advanced robotics technologies that can improve quality of life. The program at your university offers the perfect opportunity to further my knowledge and skills in this area.",5
"The SOP is well-written but lacks a clear connection between the applicant's past experiences and their future goals. More details about how the program will help the applicant achieve their goals would improve the statement.",4
"I have a strong background in computer science and have worked on several projects involving software development and data analysis. My goal is to specialize in artificial intelligence and contribute to the development of intelligent systems. The program at your university offers the perfect opportunity to achieve this goal.",5
"The SOP is poorly structured and lacks coherence. The applicant does not provide any specific examples of their achievements or how they plan to contribute to the field. The statement needs significant improvement.",1
"I have always been fascinated by the intersection of technology and healthcare. My undergraduate studies in Biomedical Engineering have provided me with a strong foundation in both fields. I have worked on projects involving medical imaging and wearable health devices, and I am eager to contribute to the development of innovative healthcare technologies. The program at your university offers the perfect opportunity to achieve this goal.",5
"The SOP is well-written but lacks a clear focus. The applicant discusses various topics without connecting them into a single coherent narrative. More details about specific research interests and goals would improve the statement.",3
"I have a strong interest in environmental science and have worked on several projects related to climate change and sustainability. My goal is to contribute to the development of innovative solutions to environmental challenges. The program at your university offers the perfect opportunity to further my knowledge and skills in this area.",5
"The SOP is poorly structured and lacks coherence. The applicant does not provide any specific examples of their achievements or how they plan to contribute to the field. The statement needs significant improvement.",1
"I have a strong background in physics and have worked on several projects involving quantum computing and nanotechnology. My goal is to contribute to the development of advanced technologies that can revolutionize computing and communication. The program at your university offers the perfect opportunity to achieve this goal.",5
"The SOP is well-written but lacks a clear connection between the applicant's past experiences and their future goals. More details about how the program will help the applicant achieve their goals would improve the statement.",4
"I have a strong interest in aerospace engineering and have worked on several projects involving aircraft design and propulsion systems. My goal is to contribute to the development of advanced aerospace technologies. The program at your university offers the perfect opportunity to further my knowledge and skills in this area.",5
"The SOP is poorly structured and lacks coherence. The applicant does not provide any specific examples of their achievements or how they plan to contribute to the field. The statement needs significant improvement.",1
"I have a strong background in chemistry and have worked on several projects involving materials science and nanotechnology. My goal is to contribute to the development of advanced materials that can revolutionize various industries. The program at your university offers the perfect opportunity to achieve this goal.",5
"The SOP is well-written but lacks a clear focus. The applicant discusses various topics without connecting them into a single coherent narrative. More details about specific research interests and goals would improve the statement.",3
"I have a strong interest in civil engineering and have worked on several projects involving sustainable infrastructure and urban planning. My goal is to contribute to the development of innovative solutions to urban challenges. The program at your university offers the perfect opportunity to further my knowledge and skills in this area.",5
"The SOP is poorly structured and lacks coherence. The applicant does not provide any specific examples of their achievements or how they plan to contribute to the field. The statement needs significant improvement.",1
"I have a strong background in electrical engineering and have worked on several projects involving renewable energy and smart grids. My goal is to contribute to the development of advanced energy technologies. The program at your university offers the perfect opportunity to achieve this goal.",5
"The SOP is well-written but lacks a clear connection between the applicant's past experiences and their future goals. More details about how the program will help the applicant achieve their goals would improve the statement.",4
"I have a strong interest in mechanical engineering and have worked on several projects involving robotics and automation. My goal is to contribute to the development of advanced manufacturing technologies. The program at your university offers the perfect opportunity to further my knowledge and skills in this area.",5
"The SOP is poorly structured and lacks coherence. The applicant does not provide any specific examples of their achievements or how they plan to contribute to the field. The statement needs significant improvement.",1
"I have a strong background in biology and have worked on several projects involving genetics and biotechnology. My goal is to contribute to the development of innovative healthcare solutions. The program at your university offers the perfect opportunity to achieve this goal.",5
"The SOP is well-written but lacks a clear focus. The applicant discusses various topics without connecting them into a single coherent narrative. More details about specific research interests and goals would improve the statement.",3
"I have a strong interest in environmental engineering and have worked on several projects involving water treatment and waste management. My goal is to contribute to the development of sustainable environmental solutions. The program at your university offers the perfect opportunity to further my knowledge and skills in this area.",5
"The SOP is poorly structured and lacks coherence. The applicant does not provide any specific examples of their achievements or how they plan to contribute to the field. The statement needs significant improvement.",1
"I have a strong background in mathematics and have worked on several projects involving data analysis and machine learning. My goal is to contribute to the development of advanced data-driven technologies. The program at your university offers the perfect opportunity to achieve this goal.",5
"The SOP is well-written but lacks a clear connection between the applicant's past experiences and their future goals. More details about how the program will help the applicant achieve their goals would improve the statement.",4
"I have a strong interest in computer engineering and have worked on several projects involving embedded systems and IoT. My goal is to contribute to the development of advanced computing technologies. The program at your university offers the perfect opportunity to further my knowledge and skills in this area.",5
"The SOP is poorly structured and lacks coherence. The applicant does not provide any specific examples of their achievements or how they plan to contribute to the field. The statement needs significant improvement.",1
"I have a strong background in physics and have worked on several projects involving quantum mechanics and astrophysics. My goal is to contribute to the development of advanced scientific technologies. The program at your university offers the perfect opportunity to achieve this goal.",5
"The SOP is well-written but lacks a clear focus. The applicant discusses various topics without connecting them into a single coherent narrative. More details about specific research interests and goals would improve the statement.",3
"I have a strong interest in chemical engineering and have worked on several projects involving process optimization and materials science. My goal is to contribute to the development of advanced chemical technologies. The program at your university offers the perfect opportunity to further my knowledge and skills in this area.",5
"The SOP is poorly structured and lacks coherence. The applicant does not provide any specific examples of their achievements or how they plan to contribute to the field. The statement needs significant improvement.",1
"I have a strong background in computer science and have worked on several projects involving artificial intelligence and machine learning. My goal is to contribute to the development of advanced AI technologies. The program at your university offers the perfect opportunity to achieve this goal.",5
"The SOP is well-written but lacks a clear connection between the applicant's past experiences and their future goals. More details about how the program will help the applicant achieve their goals would improve the statement.",4
"I have a strong interest in electrical engineering and have worked on several projects involving power systems and renewable energy. My goal is to contribute to the development of advanced energy technologies. The program at your university offers the perfect opportunity to further my knowledge and skills in this area.",5
"The SOP is poorly structured and lacks coherence. The applicant does not provide any specific examples of their achievements or how they plan to contribute to the field. The statement needs significant improvement.",1
"I have a strong background in biology and have worked on several projects involving genetics and biotechnology. My goal is to contribute to the development of innovative healthcare solutions. The program at your university offers the perfect opportunity to achieve this goal.",5
"The SOP is well-written but lacks a clear focus. The applicant discusses various topics without connecting them into a single coherent narrative. More details about specific research interests and goals would improve the statement.",3
"I have a strong interest in environmental engineering and have worked on several projects involving water treatment and waste management. My goal is to contribute to the development of sustainable environmental solutions. The program at your university offers the perfect opportunity to further my knowledge and skills in this area.",5
"The SOP is poorly structured and lacks coherence. The applicant does not provide any specific examples of their achievements or how they plan to contribute to the field. The statement needs significant improvement.",1
"I have a strong background in mathematics and have worked on several projects involving data analysis and machine learning. My goal is to contribute to the development of advanced data-driven technologies. The program at your university offers the perfect opportunity to achieve this goal.",5
"The SOP is well-written but lacks a clear connection between the applicant's past experiences and their future goals. More details about how the program will help the applicant achieve their goals would improve the statement.",4
"I have a strong interest in computer engineering and have worked on several projects involving embedded systems and IoT. My goal is to contribute to the development of advanced computing technologies. The program at your university offers the perfect opportunity to further my knowledge and skills in this area.",5
"The SOP is poorly structured and lacks coherence. The applicant does not provide any specific examples of their achievements or how they plan to contribute to the field. The statement needs significant improvement.",1
"I have a strong background in physics and have worked on several projects involving quantum mechanics and astrophysics. My goal is to contribute to the development of advanced scientific technologies. The program at your university offers the perfect opportunity to achieve this goal.",5
"The SOP is well-written but lacks a clear focus. The applicant discusses various topics without connecting them into a single coherent narrative. More details about specific research interests and goals would improve the statement.",3
"I have a strong interest in chemical engineering and have worked on several projects involving process optimization and materials science. My goal is to contribute to the development of advanced chemical technologies. The program at your university offers the perfect opportunity to further my knowledge and skills in this area.",5
"The SOP is poorly structured and lacks coherence. The applicant does not provide any specific examples of their achievements or how they plan to contribute to the field. The statement needs significant improvement.",1